consigner_lat,consigner_long
24.9645,74.6589
24.9645,74.6589
26.5317,74.6935
26.5317,74.6935
24.9645,74.6589
24.5998,73.8199
26.5317,74.6935
26.5317,74.6935
24.5998,73.8199
26.5317,74.6935
24.9645,74.6589
24.9645,74.6589
24.9645,74.6589
25.0003,74.1449
24.9645,74.6589
26.5317,74.6935
25.0003,74.1449
24.9645,74.6589
24.9645,74.6589
26.5317,74.6935
24.9645,74.6589
24.9491,74.1317
29.4,79.3
26.5317,74.6935
24.9491,74.1317
26.5317,74.6935
25.8419,74.741
25.8419,74.741
24.9645,74.6589
24.5998,73.8199
24.9491,74.1317
24.9645,74.6589
24.9645,74.6589
29.4,79.3
29.4,79.3
25.8419,74.741
25.8419,74.741
29.4,79.3
25.8419,74.741
25.8419,74.741
24.9491,74.1317
25.8419,74.741
24.9623,74.1201
26.5317,74.6935
24.9645,74.6589
25.8419,74.741
25.8419,74.741
25.8419,74.741
25.8419,74.741
24.9623,74.1201
24.9645,74.6589
25.8419,74.741
25.8419,74.741
24.9623,74.1201
26.5317,74.6935
24.3636,73.72
25.8419,74.741
25.8419,74.741
24.9645,74.6589
24.9491,74.1317
24.9623,74.1201
25.8419,74.741
25.8419,74.741
24.3511,73.7454
25.8419,74.741
25.8419,74.741
25.8419,74.741
25.8419,74.741
24.9645,74.6589
25.0003,74.1449
25.0003,74.1449
29.4,79.3
26.5317,74.6935
25.0003,74.1449
25.8419,74.741
24.5998,73.8199
24.9623,74.1201
24.9623,74.1201
24.9645,74.6589
24.3636,73.72
25.0003,74.1449
25.0003,74.1449
26.5317,74.6935
25.0003,74.1449
24.9623,74.1201
24.5998,73.8199
24.9645,74.6589
24.9491,74.1317
24.5998,73.8199
25.8419,74.741
25.8419,74.741
24.9645,74.6589
25.0003,74.1449
24.9491,74.1317
29.4,79.3
24.9623,74.1201
25.8419,74.741
29.4,79.3
29.4,79.3
24.9491,74.1317
26.5317,74.6935
24.9645,74.6589
24.9491,74.1317
24.5998,73.8199
24.5998,73.8199
24.5998,73.8199
24.5998,73.8199
24.5998,73.8199
24.5998,73.8199
24.5998,73.8199
24.5998,73.8199
24.5998,73.8199
24.9623,74.1201
24.9645,74.6589
24.9645,74.6589
24.9623,74.1201
24.9491,74.1317
26.5317,74.6935
25.8419,74.741
24.9645,74.6589
24.9491,74.1317
25.0003,74.1449
24.9645,74.6589
24.9645,74.6589
24.9645,74.6589
24.9645,74.6589
24.9645,74.6589
24.9623,74.1201
24.9491,74.1317
25.8419,74.741
24.9645,74.6589
25.0003,74.1449
25.0003,74.1449
26.5317,74.6935
24.9645,74.6589
24.9623,74.1201
24.9491,74.1317
25.0003,74.1449
24.9645,74.6589
25.0003,74.1449
26.5317,74.6935
24.9623,74.1201
24.9623,74.1201
26.5317,74.6935
24.9645,74.6589
25.0003,74.1449
24.9645,74.6589
24.9645,74.6589
24.9645,74.6589
24.9645,74.6589
24.9645,74.6589
25.8419,74.741
24.9645,74.6589
24.9645,74.6589
24.9645,74.6589
25.0003,74.1449
24.9623,74.1201
24.9645,74.6589
24.5998,73.8199
26.5317,74.6935
24.9645,74.6589
24.9645,74.6589
24.5998,73.8199
24.9623,74.1201
25.0003,74.1449
24.5998,73.8199
24.9645,74.6589
26.5317,74.6935
24.9645,74.6589
25.8419,74.741
24.5998,73.8199
24.9623,74.1201
25.8419,74.741
25.0003,74.1449
25.0003,74.1449
24.9623,74.1201
25.0003,74.1449
25.0003,74.1449
25.8419,74.741
25.0003,74.1449
24.9645,74.6589
24.9645,74.6589
24.9645,74.6589
24.9623,74.1201
24.9645,74.6589
25.8419,74.741
24.9645,74.6589
25.0003,74.1449
24.9491,74.1317
25.0003,74.1449
25.0003,74.1449
24.9623,74.1201
25.8419,74.741
25.0003,74.1449
24.9645,74.6589
24.9623,74.1201
25.8419,74.741
26.5317,74.6935
25.0003,74.1449
24.5998,73.8199
24.9491,74.1317
25.0003,74.1449
25.8419,74.741
24.5998,73.8199
25.0003,74.1449
24.9491,74.1317
24.5998,73.8199
24.5998,73.8199
26.5317,74.6935
24.5998,73.8199
25.0003,74.1449
26.5317,74.6935
24.5998,73.8199
24.5998,73.8199
25.8419,74.741
25.0003,74.1449
25.0003,74.1449
25.8419,74.741
24.9623,74.1201
29.4,79.3
24.9645,74.6589
26.5317,74.6935
24.9645,74.6589
24.9623,74.1201
24.9645,74.6589
25.0003,74.1449
25.0003,74.1449
24.9623,74.1201
24.9491,74.1317
24.5998,73.8199
24.9645,74.6589
26.5317,74.6935
24.9491,74.1317
29.4,79.3
24.9645,74.6589
24.9623,74.1201
26.5317,74.6935
24.5998,73.8199
25.0003,74.1449
25.8419,74.741
24.9491,74.1317
25.8419,74.741
25.0003,74.1449
25.0003,74.1449
24.9645,74.6589
24.9645,74.6589
26.5317,74.6935
25.8419,74.741
24.9645,74.6589
24.9645,74.6589
24.9623,74.1201
24.5998,73.8199
25.8419,74.741
24.9491,74.1317
24.9645,74.6589
25.0003,74.1449
26.5317,74.6935
24.9645,74.6589
25.8419,74.741
25.0003,74.1449
25.0003,74.1449
25.8419,74.741
26.5317,74.6935
24.9623,74.1201
24.9623,74.1201
25.8419,74.741
24.5998,73.8199
25.8419,74.741
24.3636,73.72
29.4,79.3
25.8419,74.741
25.0003,74.1449
25.0003,74.1449
24.9645,74.6589
25.0003,74.1449
25.8419,74.741
25.0003,74.1449
24.9623,74.1201
25.8419,74.741
26.5317,74.6935
24.3636,73.72
25.8419,74.741
24.9645,74.6589
24.5998,73.8199
24.9645,74.6589
24.9645,74.6589
24.9645,74.6589
25.8419,74.741
29.4,79.3
24.9645,74.6589
24.9491,74.1317
26.5317,74.6935
24.9645,74.6589
25.8419,74.741
26.5317,74.6935
25.0003,74.1449
25.8419,74.741
25.8419,74.741
24.5998,73.8199
25.8419,74.741
24.3636,73.72
29.4,79.3
24.9645,74.6589
25.8419,74.741
25.8419,74.741
25.0003,74.1449
25.0003,74.1449
29.4,79.3
25.8419,74.741
24.9491,74.1317
25.8419,74.741
24.9645,74.6589
24.9491,74.1317
26.5317,74.6935
24.3636,73.72
25.8419,74.741
26.5317,74.6935
25.8419,74.741
25.8419,74.741
25.8419,74.741
24.3636,73.72
25.8419,74.741
25.8419,74.741
25.8419,74.741
25.8419,74.741
26.5317,74.6935
25.0003,74.1449
24.3636,73.72
24.9645,74.6589
24.9645,74.6589
25.8419,74.741
24.9645,74.6589
25.8419,74.741
24.3636,73.72
29.4,79.3
26.5317,74.6935
25.0003,74.1449
24.9645,74.6589
26.5317,74.6935
25.8419,74.741
24.9645,74.6589
29.4,79.3
26.5317,74.6935
24.5998,73.8199
25.8419,74.741
25.0003,74.1449
24.9645,74.6589
24.5998,73.8199
25.8419,74.741
24.9623,74.1201
24.9645,74.6589
25.8419,74.741
25.8419,74.741
26.5317,74.6935
29.4,79.3
25.8419,74.741
24.9645,74.6589
25.8419,74.741
24.9645,74.6589
25.8419,74.741
25.0003,74.1449
25.8419,74.741
29.4,79.3
24.3636,73.72
29.4,79.3
24.9645,74.6589
25.0003,74.1449
25.8419,74.741
24.9645,74.6589
29.4,79.3
25.8419,74.741
29.4,79.3
24.9645,74.6589
29.4,79.3
25.8419,74.741
25.8419,74.741
24.3636,73.72
24.9623,74.1201
24.9623,74.1201
25.0003,74.1449
25.0003,74.1449
24.3636,73.72
25.0003,74.1449
24.9645,74.6589
24.3636,73.72
24.9645,74.6589
24.3636,73.72
24.9645,74.6589
25.0003,74.1449
25.8419,74.741
24.9623,74.1201
25.0003,74.1449
24.9645,74.6589
24.9623,74.1201
25.0003,74.1449
25.8419,74.741
25.8419,74.741
25.8419,74.741
25.8419,74.741
25.0003,74.1449
25.8419,74.741
24.9645,74.6589
25.8419,74.741
25.8419,74.741
25.8419,74.741
24.9623,74.1201
25.8419,74.741
24.3636,73.72
25.8419,74.741
25.8419,74.741
25.8419,74.741
26.5317,74.6935
25.8419,74.741
24.9623,74.1201
24.3636,73.72
25.0003,74.1449
24.9623,74.1201
24.9623,74.1201
24.9623,74.1201
24.9491,74.1317
29.4,79.3
24.3636,73.72
24.9645,74.6589
24.3636,73.72
24.9645,74.6589
24.9491,74.1317
24.9645,74.6589
24.9623,74.1201
24.9645,74.6589
24.9623,74.1201
24.9645,74.6589
26.5317,74.6935
25.8419,74.741
24.9623,74.1201
24.9645,74.6589
25.8419,74.741
25.0003,74.1449
24.9645,74.6589
24.9623,74.1201
24.9645,74.6589
25.0003,74.1449
24.9623,74.1201
24.9623,74.1201
26.5317,74.6935
25.0003,74.1449
29.4,79.3
29.4,79.3
24.3636,73.72
24.3636,73.72
24.9645,74.6589
24.3636,73.72
24.3636,73.72
24.3636,73.72
25.0003,74.1449
24.9623,74.1201
24.3636,73.72
25.0003,74.1449
25.0003,74.1449
24.9623,74.1201
24.9491,74.1317
25.0003,74.1449
24.9645,74.6589
24.9623,74.1201
24.9623,74.1201
24.9623,74.1201
24.9645,74.6589
26.5317,74.6935
29.4,79.3
25.0003,74.1449
24.9645,74.6589
24.3511,73.7454
24.5998,73.8199
24.5998,73.8199
24.5998,73.8199
25.8419,74.741
25.0003,74.1449
24.9645,74.6589
24.9645,74.6589
24.9491,74.1317
24.9623,74.1201
25.8419,74.741
24.9623,74.1201
25.0003,74.1449
24.9645,74.6589
26.5317,74.6935
29.4,79.3
24.3636,73.72
25.8419,74.741
24.9645,74.6589
25.0003,74.1449
25.8419,74.741
25.8419,74.741
24.9491,74.1317
26.5317,74.6935
25.8419,74.741
24.3636,73.72
24.9623,74.1201
25.8419,74.741
25.8419,74.741
24.9645,74.6589
24.9645,74.6589
24.3636,73.72
24.9645,74.6589
24.9491,74.1317
24.3511,73.7454
25.8419,74.741
24.9645,74.6589
24.9491,74.1317
24.9645,74.6589
25.8419,74.741
25.8419,74.741
24.9645,74.6589
24.9645,74.6589
24.9623,74.1201
25.8419,74.741
24.9645,74.6589
24.5998,73.8199
25.0003,74.1449
25.8419,74.741
26.5317,74.6935
25.8419,74.741
24.5998,73.8199
25.8419,74.741
25.8419,74.741
25.0003,74.1449
26.5317,74.6935
24.9645,74.6589
26.5317,74.6935
24.9645,74.6589
24.9623,74.1201
25.8419,74.741
26.5317,74.6935
24.9645,74.6589
24.9491,74.1317
24.9645,74.6589
25.0003,74.1449
26.5317,74.6935
24.9645,74.6589
26.5317,74.6935
24.5998,73.8199
26.5317,74.6935
29.4,79.3
24.5998,73.8199
24.3636,73.72
24.9645,74.6589
26.5317,74.6935
24.9623,74.1201
25.8419,74.741
24.9645,74.6589
24.9623,74.1201
24.5998,73.8199
24.9645,74.6589
24.9623,74.1201
24.9623,74.1201
26.5317,74.6935
24.3636,73.72
24.9623,74.1201
25.8419,74.741
24.9645,74.6589
24.9623,74.1201
24.9645,74.6589
26.5317,74.6935
24.5998,73.8199
25.0003,74.1449
24.9623,74.1201
29.4,79.3
26.5317,74.6935
24.9623,74.1201
25.8419,74.741
24.9623,74.1201
24.9491,74.1317
26.5317,74.6935
26.5317,74.6935
24.9623,74.1201
24.9645,74.6589
25.8419,74.741
24.9491,74.1317
24.3636,73.72
26.5317,74.6935
24.9645,74.6589
25.0003,74.1449
24.5998,73.8199
24.9645,74.6589
24.5998,73.8199
24.9645,74.6589
24.9645,74.6589
24.9623,74.1201
24.9645,74.6589
24.5998,73.8199
24.9645,74.6589
24.9623,74.1201
24.9623,74.1201
24.9491,74.1317
24.9623,74.1201
24.9645,74.6589
24.9491,74.1317
24.3636,73.72
24.9623,74.1201
24.9645,74.6589
24.9491,74.1317
24.9623,74.1201
24.9623,74.1201
26.5317,74.6935
24.9491,74.1317
24.9645,74.6589
24.9645,74.6589
24.9645,74.6589
24.9645,74.6589
26.5317,74.6935
26.5317,74.6935
24.9623,74.1201
24.9645,74.6589
24.9623,74.1201
25.8419,74.741
24.9623,74.1201
25.8419,74.741
24.9623,74.1201
24.9623,74.1201
24.9645,74.6589
24.9623,74.1201
26.5317,74.6935
24.9623,74.1201
24.9623,74.1201
24.9623,74.1201
24.9623,74.1201
24.9623,74.1201
24.9623,74.1201
24.9645,74.6589
24.9645,74.6589
24.9623,74.1201
24.9645,74.6589
26.5317,74.6935
26.5317,74.6935
26.5317,74.6935
24.9645,74.6589
25.8419,74.741
26.5317,74.6935
26.5317,74.6935
26.5317,74.6935
29.4,79.3
29.4,79.3
29.4,79.3
29.4,79.3
26.5317,74.6935
24.9645,74.6589
24.9645,74.6589
25.8419,74.741
25.8419,74.741
25.8419,74.741
24.5998,73.8199
26.5317,74.6935
24.9623,74.1201
26.5317,74.6935
24.9645,74.6589
26.5317,74.6935
24.9623,74.1201
24.9645,74.6589
25.8419,74.741
25.8419,74.741
26.5317,74.6935
24.9645,74.6589
26.5317,74.6935
24.9645,74.6589
24.5998,73.8199
24.9645,74.6589
24.9645,74.6589
24.9645,74.6589
25.8419,74.741
25.8419,74.741
24.9645,74.6589
26.5317,74.6935
25.8419,74.741
26.5317,74.6935
24.9623,74.1201
24.5998,73.8199
24.9491,74.1317
24.5998,73.8199
26.5317,74.6935
25.8419,74.741
26.5317,74.6935
26.5317,74.6935
25.8419,74.741
24.9645,74.6589
26.5317,74.6935
25.8419,74.741
24.9645,74.6589
25.8419,74.741
24.9645,74.6589
24.9645,74.6589
24.9645,74.6589
24.9645,74.6589
24.9645,74.6589
24.9645,74.6589
25.8419,74.741
26.5317,74.6935
24.9645,74.6589
26.5317,74.6935
24.9645,74.6589
24.3636,73.72
25.8419,74.741
25.8419,74.741
25.8419,74.741
25.8419,74.741
25.8419,74.741
26.5317,74.6935
24.9491,74.1317
24.5998,73.8199
26.5317,74.6935
26.5317,74.6935
25.8419,74.741
26.5317,74.6935
26.5317,74.6935
24.9645,74.6589
24.9645,74.6589
25.8419,74.741
25.8419,74.741
26.5317,74.6935
25.8419,74.741
24.9645,74.6589
24.9645,74.6589
24.9645,74.6589
24.3511,73.7454
26.5317,74.6935
26.5317,74.6935
26.5317,74.6935
26.5317,74.6935
24.9645,74.6589
26.5317,74.6935
24.9645,74.6589
26.5317,74.6935
26.5317,74.6935
24.3636,73.72
24.3636,73.72
24.9645,74.6589
24.9645,74.6589
26.5317,74.6935
24.9645,74.6589
26.5317,74.6935
24.9491,74.1317
24.9491,74.1317
26.5317,74.6935
26.5317,74.6935
25.8419,74.741
26.5317,74.6935
26.5317,74.6935
24.9623,74.1201
26.5317,74.6935
26.5317,74.6935
24.9623,74.1201
26.5317,74.6935
24.9623,74.1201
26.5317,74.6935
25.8419,74.741
24.3636,73.72
26.5317,74.6935
24.5998,73.8199
24.9645,74.6589
25.8419,74.741
26.5317,74.6935
24.5998,73.8199
26.5317,74.6935
25.0003,74.1449
26.5317,74.6935
26.5317,74.6935
25.0003,74.1449
26.5317,74.6935
24.3636,73.72
24.9645,74.6589
24.9645,74.6589
24.9645,74.6589
24.9645,74.6589
25.0003,74.1449
26.5317,74.6935
24.3636,73.72
26.5317,74.6935
26.5317,74.6935
24.9491,74.1317
25.0003,74.1449
26.5317,74.6935
25.0003,74.1449
24.5998,73.8199
24.9623,74.1201
24.9491,74.1317
24.5998,73.8199
24.9623,74.1201
24.9623,74.1201
24.9623,74.1201
26.5317,74.6935
24.9623,74.1201
24.9645,74.6589
24.9645,74.6589
25.0003,74.1449
25.0003,74.1449
24.9491,74.1317
26.5317,74.6935
25.8419,74.741
25.0003,74.1449
25.0003,74.1449
26.5317,74.6935
25.0003,74.1449
25.0003,74.1449
24.9623,74.1201
25.8419,74.741
24.5998,73.8199
24.9623,74.1201
26.5317,74.6935
25.0003,74.1449
24.9623,74.1201
24.9491,74.1317
26.5317,74.6935
24.9491,74.1317
24.9645,74.6589
24.9645,74.6589
26.5317,74.6935
24.9645,74.6589
24.9645,74.6589
26.5317,74.6935
24.9623,74.1201
24.9623,74.1201
24.9623,74.1201
24.9623,74.1201
24.9645,74.6589
24.5998,73.8199
24.5998,73.8199
26.5317,74.6935
24.9491,74.1317
26.5317,74.6935
24.9645,74.6589
25.8419,74.741
25.0003,74.1449
25.8419,74.741
25.8419,74.741
24.9491,74.1317
24.9645,74.6589
24.5998,73.8199
24.9491,74.1317
24.9645,74.6589
26.5317,74.6935
24.5998,73.8199
25.8419,74.741
24.3511,73.7454
25.0003,74.1449
26.5317,74.6935
25.0003,74.1449
26.5317,74.6935
25.0003,74.1449
24.9645,74.6589
24.3636,73.72
26.5317,74.6935
24.9645,74.6589
26.5317,74.6935
24.9491,74.1317
24.9645,74.6589
26.5317,74.6935
25.8419,74.741
25.8419,74.741
24.9491,74.1317
24.9623,74.1201
26.5317,74.6935
25.0003,74.1449
25.0003,74.1449
24.9491,74.1317
26.5317,74.6935
24.3636,73.72
25.8419,74.741
24.9645,74.6589
24.5998,73.8199
24.9645,74.6589
25.0003,74.1449
26.5317,74.6935
25.8419,74.741
25.8419,74.741
24.9645,74.6589
25.0003,74.1449
26.5317,74.6935
25.0003,74.1449
25.0003,74.1449
25.0003,74.1449
25.8419,74.741
25.0003,74.1449
25.0003,74.1449
25.0003,74.1449
25.0003,74.1449
24.9491,74.1317
25.0003,74.1449
25.0003,74.1449
24.9645,74.6589
25.8419,74.741
26.5317,74.6935
25.0003,74.1449
24.9623,74.1201
25.0003,74.1449
25.8419,74.741
25.0003,74.1449
24.9645,74.6589
25.8419,74.741
24.9645,74.6589
25.8419,74.741
26.5317,74.6935
25.8419,74.741
24.9645,74.6589
24.5998,73.8199
24.3636,73.72
26.5317,74.6935
25.8419,74.741
25.8419,74.741
25.8419,74.741
24.9645,74.6589
25.8419,74.741
25.8419,74.741
29.4,79.3
25.8419,74.741
24.5998,73.8199
25.0003,74.1449
25.8419,74.741
25.0003,74.1449
24.9623,74.1201
25.8419,74.741
29.4,79.3
24.9645,74.6589
26.5317,74.6935
24.9491,74.1317
25.8419,74.741
25.8419,74.741
25.8419,74.741
26.5317,74.6935
29.4,79.3
25.0003,74.1449
26.5317,74.6935
24.9645,74.6589
24.9645,74.6589
24.9645,74.6589
26.5317,74.6935
24.9645,74.6589
25.8419,74.741
24.9623,74.1201
25.0003,74.1449
26.5317,74.6935
25.0003,74.1449
24.3636,73.72
25.8419,74.741
24.9645,74.6589
24.9645,74.6589
24.3636,73.72
24.3636,73.72
25.8419,74.741
24.9645,74.6589
26.5317,74.6935
25.8419,74.741
24.9491,74.1317
24.9645,74.6589
24.5998,73.8199
26.5317,74.6935
24.3636,73.72
25.8419,74.741
25.8419,74.741
24.9491,74.1317
25.0003,74.1449
25.0003,74.1449
24.9645,74.6589
25.8419,74.741
25.8419,74.741
25.0003,74.1449
25.8419,74.741
25.8419,74.741
24.9645,74.6589
24.5998,73.8199
25.0003,74.1449
24.9645,74.6589
24.5998,73.8199
24.5998,73.8199
24.9623,74.1201
24.9623,74.1201
26.5317,74.6935
24.9645,74.6589
25.0003,74.1449
25.0003,74.1449
29.4,79.3
24.9645,74.6589
24.9645,74.6589
24.9645,74.6589
24.9645,74.6589
24.5998,73.8199
24.9645,74.6589
24.9645,74.6589
24.9645,74.6589
24.9491,74.1317
25.0003,74.1449
24.3636,73.72
24.9645,74.6589
24.9645,74.6589
24.9645,74.6589
26.5317,74.6935
24.9645,74.6589
24.3636,73.72
26.5317,74.6935
24.5998,73.8199
26.5317,74.6935
24.9491,74.1317
25.0003,74.1449
24.9491,74.1317
24.5998,73.8199
25.0003,74.1449
24.9491,74.1317
25.8419,74.741
26.5317,74.6935
24.5998,73.8199
24.5998,73.8199
24.5998,73.8199
24.9623,74.1201
24.9645,74.6589
25.8419,74.741
24.9645,74.6589
25.0003,74.1449
24.5998,73.8199
24.5998,73.8199
24.5998,73.8199
24.9645,74.6589
24.5998,73.8199
24.5998,73.8199
24.5998,73.8199
24.9623,74.1201
24.9623,74.1201
24.9623,74.1201
24.9623,74.1201
24.9645,74.6589
26.5317,74.6935
24.5998,73.8199
29.4,79.3
24.9645,74.6589
25.8419,74.741
24.3636,73.72
24.9645,74.6589
25.8419,74.741
24.9491,74.1317
24.9491,74.1317
25.0003,74.1449
25.8419,74.741
25.8419,74.741
26.5317,74.6935
25.8419,74.741
25.8419,74.741
25.8419,74.741
25.8419,74.741
24.9491,74.1317
25.8419,74.741
25.0003,74.1449
26.5317,74.6935
24.9645,74.6589
26.5317,74.6935
25.8419,74.741
25.8419,74.741
25.8419,74.741
25.8419,74.741
24.9645,74.6589
24.5998,73.8199
24.5998,73.8199
25.8419,74.741
24.5998,73.8199
25.8419,74.741
24.9645,74.6589
25.8419,74.741
25.8419,74.741
25.8419,74.741
25.8419,74.741
25.8419,74.741
24.9645,74.6589
24.3636,73.72
25.8419,74.741
25.8419,74.741
24.9645,74.6589
25.8419,74.741
25.8419,74.741
24.9645,74.6589
24.9645,74.6589
24.9491,74.1317
26.5317,74.6935
25.8419,74.741
24.9645,74.6589
25.8419,74.741
25.8419,74.741
26.5317,74.6935
25.8419,74.741
25.8419,74.741
25.8419,74.741
25.8419,74.741
26.5317,74.6935
24.5998,73.8199
24.9645,74.6589
25.0003,74.1449
24.9645,74.6589
26.5317,74.6935
24.9645,74.6589
25.8419,74.741
24.9623,74.1201
29.4,79.3
29.4,79.3
25.8419,74.741
24.3636,73.72
24.5998,73.8199
24.9645,74.6589
24.3636,73.72
24.9645,74.6589
24.9645,74.6589
24.9645,74.6589
24.3636,73.72
24.5998,73.8199
24.3636,73.72
26.5317,74.6935
25.0003,74.1449
25.0003,74.1449
29.4,79.3
25.8419,74.741
24.3636,73.72
29.4,79.3
25.8419,74.741
25.8419,74.741
26.5317,74.6935
26.5317,74.6935
29.4,79.3
24.9645,74.6589
25.0003,74.1449
24.9491,74.1317
24.9491,74.1317
24.9645,74.6589
26.5317,74.6935
24.9645,74.6589
26.5317,74.6935
24.9645,74.6589
24.9645,74.6589
24.9491,74.1317
26.5317,74.6935
24.9645,74.6589
24.9645,74.6589
24.9645,74.6589
24.9645,74.6589
24.9645,74.6589
25.0003,74.1449
25.0003,74.1449
26.5317,74.6935
24.5998,73.8199
26.5317,74.6935
26.5317,74.6935
25.0003,74.1449
24.9645,74.6589
25.0003,74.1449
26.5317,74.6935
26.5317,74.6935
24.9645,74.6589
24.9645,74.6589
25.0003,74.1449
25.0003,74.1449
24.5998,73.8199
24.9645,74.6589
24.5998,73.8199
24.9645,74.6589
24.9645,74.6589
24.9623,74.1201
24.9645,74.6589
24.9491,74.1317
26.5317,74.6935
24.9623,74.1201
24.9645,74.6589
24.5998,73.8199
24.5998,73.8199
24.9645,74.6589
24.9623,74.1201
24.9623,74.1201
24.9623,74.1201
24.9645,74.6589
24.9623,74.1201
26.5317,74.6935
24.9623,74.1201
24.9645,74.6589
24.9623,74.1201
24.5998,73.8199
24.9645,74.6589
24.5998,73.8199
26.5317,74.6935
24.9623,74.1201
24.9491,74.1317
24.5998,73.8199
24.9491,74.1317
24.9491,74.1317
24.9491,74.1317
24.9623,74.1201
24.9623,74.1201
24.9491,74.1317
24.9491,74.1317
24.9623,74.1201
24.9491,74.1317
24.9623,74.1201
24.9491,74.1317
25.8419,74.741
24.5998,73.8199
26.5317,74.6935
26.5317,74.6935
24.9491,74.1317
25.8419,74.741
26.5317,74.6935
24.9645,74.6589
24.9623,74.1201
26.5317,74.6935
24.9645,74.6589
24.5998,73.8199
24.9645,74.6589
24.5998,73.8199
26.5317,74.6935
24.3511,73.7454
26.5317,74.6935
26.5317,74.6935
24.9623,74.1201
26.5317,74.6935
26.5317,74.6935
26.5317,74.6935
24.3511,73.7454
26.5317,74.6935
26.5317,74.6935
24.9623,74.1201
26.5317,74.6935
24.9623,74.1201
24.9623,74.1201
24.9645,74.6589
25.8419,74.741
26.5317,74.6935
24.9623,74.1201
26.5317,74.6935
26.5317,74.6935
24.9645,74.6589
24.9645,74.6589
24.9645,74.6589
26.5317,74.6935
25.8419,74.741
25.8419,74.741
25.8419,74.741
25.8419,74.741
25.8419,74.741
24.9645,74.6589
25.8419,74.741
25.8419,74.741
25.8419,74.741
25.8419,74.741
25.8419,74.741
25.8419,74.741
25.8419,74.741
25.8419,74.741
24.9645,74.6589
25.8419,74.741
25.8419,74.741
25.0003,74.1449
25.0003,74.1449
26.5317,74.6935
26.5317,74.6935
25.8419,74.741
24.9623,74.1201
26.5317,74.6935
26.5317,74.6935
24.9645,74.6589
26.5317,74.6935
26.5317,74.6935
26.5317,74.6935
24.9645,74.6589
26.5317,74.6935
24.9645,74.6589
26.5317,74.6935
24.9645,74.6589
24.9645,74.6589
26.5317,74.6935
26.5317,74.6935
26.5317,74.6935
24.9645,74.6589
26.5317,74.6935
25.0003,74.1449
26.5317,74.6935
24.9623,74.1201
25.8419,74.741
24.9645,74.6589
24.9645,74.6589
24.9645,74.6589
24.9645,74.6589
24.9645,74.6589
24.9645,74.6589
24.5998,73.8199
24.5998,73.8199
24.9645,74.6589
24.9645,74.6589
24.9645,74.6589
24.9645,74.6589
25.0003,74.1449
24.9623,74.1201
24.9645,74.6589
25.0003,74.1449
24.9645,74.6589
24.5998,73.8199
25.0003,74.1449
24.5998,73.8199
24.9645,74.6589
24.9623,74.1201
26.5317,74.6935
26.5317,74.6935
24.9645,74.6589
24.5998,73.8199
24.9623,74.1201
24.9645,74.6589
25.0003,74.1449
24.9645,74.6589
24.9623,74.1201
26.5317,74.6935
24.9623,74.1201
24.9623,74.1201
24.9645,74.6589
26.5317,74.6935
26.5317,74.6935
24.9623,74.1201
24.9491,74.1317
24.9623,74.1201
24.9623,74.1201
26.5317,74.6935
24.9645,74.6589
25.8419,74.741
24.9491,74.1317
24.9491,74.1317
24.9645,74.6589
24.9645,74.6589
25.8419,74.741
24.5998,73.8199
26.5317,74.6935
25.0003,74.1449
25.0003,74.1449
24.9645,74.6589
26.5317,74.6935
24.9645,74.6589
24.9645,74.6589
25.8419,74.741
26.5317,74.6935
25.8419,74.741
24.9645,74.6589
24.9645,74.6589
24.9645,74.6589
24.9645,74.6589
24.9645,74.6589
26.5317,74.6935
25.8419,74.741
24.9645,74.6589
24.9645,74.6589
26.5317,74.6935
24.9645,74.6589
24.9645,74.6589
24.9645,74.6589
25.8419,74.741
24.3511,73.7454
25.8419,74.741
24.9623,74.1201
26.5317,74.6935
25.8419,74.741
25.8419,74.741
24.5998,73.8199
24.5998,73.8199
26.5317,74.6935
24.9645,74.6589
26.5317,74.6935
24.9645,74.6589
24.9645,74.6589
24.9645,74.6589
26.5317,74.6935
24.9645,74.6589
24.9645,74.6589
24.3636,73.72
26.5317,74.6935
24.5998,73.8199
24.9491,74.1317
24.3636,73.72
24.5998,73.8199
26.5317,74.6935
25.0003,74.1449
25.8419,74.741
25.0003,74.1449
24.9491,74.1317
24.9645,74.6589
25.0003,74.1449
25.8419,74.741
26.5317,74.6935
25.8419,74.741
26.5317,74.6935
24.9645,74.6589
24.9645,74.6589
24.9645,74.6589
24.5998,73.8199
24.5998,73.8199
24.9491,74.1317
24.5998,73.8199
24.9645,74.6589
24.9623,74.1201
25.8419,74.741
25.8419,74.741
26.5317,74.6935
26.5317,74.6935
29.4,79.3
26.5317,74.6935
25.8419,74.741
24.9491,74.1317
26.5317,74.6935
25.8419,74.741
24.5998,73.8199
24.9623,74.1201
25.8419,74.741
24.9491,74.1317
24.9491,74.1317
25.8419,74.741
24.3636,73.72
24.9645,74.6589
24.3636,73.72
25.8419,74.741
24.9623,74.1201
24.3636,73.72
24.9645,74.6589
25.8419,74.741
25.0003,74.1449
25.8419,74.741
24.9623,74.1201
26.5317,74.6935
25.8419,74.741
25.8419,74.741
25.0003,74.1449
24.3636,73.72
25.0003,74.1449
24.9645,74.6589
26.5317,74.6935
24.9623,74.1201
24.9623,74.1201
25.8419,74.741
26.5317,74.6935
24.9623,74.1201
24.9623,74.1201
24.9623,74.1201
24.3636,73.72
24.9623,74.1201
24.5998,73.8199
24.9645,74.6589
24.9623,74.1201
24.9645,74.6589
24.5998,73.8199
24.9623,74.1201
24.3511,73.7454
24.9645,74.6589
24.5998,73.8199
24.9645,74.6589
25.0003,74.1449
22.8383,69.7285
24.5998,73.8199
24.9491,74.1317
24.5998,73.8199
24.5998,73.8199
24.5998,73.8199
24.5998,73.8199
25.8419,74.741
25.0003,74.1449
25.8419,74.741
24.5998,73.8199
24.5998,73.8199
24.5998,73.8199
24.5998,73.8199
24.9645,74.6589
24.5998,73.8199
24.3511,73.7454
26.5317,74.6935
25.8419,74.741
24.9645,74.6589
24.3636,73.72
24.9623,74.1201
24.5998,73.8199
24.9645,74.6589
21.7171,72.5889
24.9645,74.6589
24.9645,74.6589
25.8419,74.741
24.9645,74.6589
21.7171,72.5889
24.9645,74.6589
24.9645,74.6589
26.5317,74.6935
25.8419,74.741
25.8419,74.741
24.9623,74.1201
25.0003,74.1449
25.0003,74.1449
24.9645,74.6589
25.8419,74.741
25.8419,74.741
24.9645,74.6589
24.5998,73.8199
25.8419,74.741
25.8419,74.741
25.8419,74.741
24.3511,73.7454
24.9491,74.1317
25.8419,74.741
26.5317,74.6935
24.9645,74.6589
24.3636,73.72
25.8419,74.741
24.3511,73.7454
24.9491,74.1317
24.9623,74.1201
25.8419,74.741
25.8419,74.741
24.9645,74.6589
26.5317,74.6935
24.5998,73.8199
26.5317,74.6935
25.8419,74.741
24.9645,74.6589
24.9645,74.6589
24.9623,74.1201
24.9491,74.1317
25.0003,74.1449
25.8419,74.741
25.0003,74.1449
24.9645,74.6589
25.8419,74.741
24.5998,73.8199
24.5998,73.8199
24.9623,74.1201
26.5317,74.6935
25.8419,74.741
25.8419,74.741
25.0003,74.1449
25.8419,74.741
24.9623,74.1201
22.8383,69.7285
22.8383,69.7285
24.9491,74.1317
26.5317,74.6935
24.9623,74.1201
24.9645,74.6589
24.9645,74.6589
24.5998,73.8199
24.9645,74.6589
22.8383,69.7285
22.8383,69.7285
25.0003,74.1449
24.9645,74.6589
24.9645,74.6589
25.0003,74.1449
24.5998,73.8199
21.7171,72.5889
22.8383,69.7285
24.9645,74.6589
22.8383,69.7285
26.5317,74.6935
24.9623,74.1201
25.8419,74.741
24.9623,74.1201
24.9623,74.1201
24.9623,74.1201
22.8383,69.7285
22.8383,69.7285
26.5317,74.6935
25.8419,74.741
25.0003,74.1449
25.8419,74.741
22.8383,69.7285
22.8383,69.7285
29.4,79.3
24.9623,74.1201
24.5998,73.8199
24.9491,74.1317
24.5998,73.8199
25.0003,74.1449
25.0003,74.1449
24.9491,74.1317
25.8419,74.741
24.9645,74.6589
25.8419,74.741
24.9645,74.6589
24.3636,73.72
24.9623,74.1201
24.5998,73.8199
24.9623,74.1201
21.7171,72.5889
21.7171,72.5889
25.0003,74.1449
25.0003,74.1449
24.9491,74.1317
24.5998,73.8199
25.0003,74.1449
24.5998,73.8199
25.8419,74.741
24.9645,74.6589
26.5317,74.6935
24.9645,74.6589
21.7171,72.5889
26.5317,74.6935
24.9491,74.1317
25.0003,74.1449
25.8419,74.741
24.9623,74.1201
24.9645,74.6589
24.5998,73.8199
25.0003,74.1449
24.9645,74.6589
26.5317,74.6935
24.5998,73.8199
25.0003,74.1449
25.0003,74.1449
24.3636,73.72
26.5317,74.6935
24.9623,74.1201
24.9645,74.6589
24.5998,73.8199
24.9491,74.1317
24.5998,73.8199
26.5317,74.6935
25.8419,74.741
24.9645,74.6589
25.0003,74.1449
25.0003,74.1449
24.9623,74.1201
24.5998,73.8199
24.9645,74.6589
24.5998,73.8199
25.0003,74.1449
25.8419,74.741
24.9491,74.1317
24.9491,74.1317
24.3636,73.72
25.8419,74.741
24.9645,74.6589
24.9645,74.6589
25.0003,74.1449
24.9645,74.6589
25.0003,74.1449
25.0003,74.1449
29.4,79.3
25.0003,74.1449
25.0003,74.1449
24.9645,74.6589
25.8419,74.741
22.8383,69.7285
22.8383,69.7285
24.9645,74.6589
22.8383,69.7285
22.8383,69.7285
24.9645,74.6589
22.8383,69.7285
22.8383,69.7285
22.8383,69.7285
24.9645,74.6589
24.9645,74.6589
24.9645,74.6589
24.9645,74.6589
26.5317,74.6935
26.5317,74.6935
25.0003,74.1449
24.9491,74.1317
26.5317,74.6935
21.7171,72.5889
24.3636,73.72
26.5317,74.6935
24.9645,74.6589
24.9645,74.6589
24.9645,74.6589
26.5317,74.6935
24.9645,74.6589
26.5317,74.6935
24.9645,74.6589
26.5317,74.6935
25.8419,74.741
24.9645,74.6589
24.9645,74.6589
26.5317,74.6935
25.8419,74.741
25.8419,74.741
26.5317,74.6935
26.5317,74.6935
26.5317,74.6935
26.5317,74.6935
24.9645,74.6589
26.5317,74.6935
24.9645,74.6589
25.0003,74.1449
24.9645,74.6589
26.5317,74.6935
24.9645,74.6589
25.0003,74.1449
24.9645,74.6589
25.8419,74.741
24.9623,74.1201
24.3636,73.72
25.8419,74.741
24.9645,74.6589
24.9491,74.1317
21.7171,72.5889
24.9645,74.6589
24.3636,73.72
25.8419,74.741
24.5998,73.8199
24.9623,74.1201
25.0003,74.1449
25.8419,74.741
24.9623,74.1201
24.3636,73.72
24.3636,73.72
25.8419,74.741
25.8419,74.741
25.0003,74.1449
25.8419,74.741
25.0003,74.1449
24.9623,74.1201
29.4,79.3
25.0003,74.1449
21.7171,72.5889
25.0003,74.1449
25.8419,74.741
25.0003,74.1449
24.9491,74.1317
25.8419,74.741
25.8419,74.741
25.8419,74.741
24.9491,74.1317
25.8419,74.741
29.4,79.3
24.9623,74.1201
22.8383,69.7285
24.9645,74.6589
24.9645,74.6589
24.9645,74.6589
24.9645,74.6589
24.9645,74.6589
24.9645,74.6589
24.9645,74.6589
22.8383,69.7285
25.0003,74.1449
29.4,79.3
26.5317,74.6935
24.5998,73.8199
24.5998,73.8199
24.5998,73.8199
26.5317,74.6935
26.5317,74.6935
24.9623,74.1201
24.9623,74.1201
24.9623,74.1201
24.3511,73.7454
24.5998,73.8199
29.4,79.3
25.0003,74.1449
22.8383,69.7285
29.4,79.3
22.8383,69.7285
22.8383,69.7285
26.5317,74.6935
24.9491,74.1317
29.4,79.3
25.8419,74.741
25.0003,74.1449
22.8383,69.7285
25.8419,74.741
24.9623,74.1201
24.3636,73.72
24.5998,73.8199
25.0003,74.1449
25.0003,74.1449
21.7171,72.5889
24.9623,74.1201
29.4,79.3
25.0003,74.1449
24.9645,74.6589
25.8419,74.741
24.5998,73.8199
24.5998,73.8199
24.9623,74.1201
24.9623,74.1201
22.8383,69.7285
22.8383,69.7285
21.7171,72.5889
25.8419,74.741
24.5998,73.8199
22.8383,69.7285
22.8383,69.7285
22.8383,69.7285
22.8383,69.7285
24.9645,74.6589
25.8419,74.741
24.9645,74.6589
24.3636,73.72
24.9491,74.1317
22.8383,69.7285
22.8383,69.7285
22.8383,69.7285
24.5998,73.8199
22.8383,69.7285
25.8419,74.741
26.5317,74.6935
25.8419,74.741
25.8419,74.741
25.0003,74.1449
22.8383,69.7285
22.8383,69.7285
25.8419,74.741
24.9491,74.1317
24.3511,73.7454
26.5317,74.6935
24.9623,74.1201
24.3636,73.72
24.9491,74.1317
22.8383,69.7285
22.8383,69.7285
22.8383,69.7285
24.9491,74.1317
24.9491,74.1317
25.8419,74.741
24.3636,73.72
24.5998,73.8199
25.8419,74.741
25.8419,74.741
24.9645,74.6589
22.8383,69.7285
22.8383,69.7285
22.8383,69.7285
25.0003,74.1449
24.9645,74.6589
24.5998,73.8199
25.8419,74.741
24.3636,73.72
24.9645,74.6589
25.8419,74.741
26.5317,74.6935
24.9491,74.1317
22.8383,69.7285
25.8419,74.741
24.9645,74.6589
25.8419,74.741
25.8419,74.741
25.0003,74.1449
29.4,79.3
24.9623,74.1201
24.3636,73.72
25.8419,74.741
24.9491,74.1317
24.5998,73.8199
25.8419,74.741
25.8419,74.741
24.9645,74.6589
25.8419,74.741
24.9645,74.6589
24.5998,73.8199
22.8383,69.7285
22.8383,69.7285
24.5998,73.8199
24.9645,74.6589
25.8419,74.741
24.9491,74.1317
24.3636,73.72
29.4,79.3
24.3636,73.72
25.0003,74.1449
22.8383,69.7285
25.0003,74.1449
25.8419,74.741
24.3636,73.72
24.9645,74.6589
25.0003,74.1449
24.9645,74.6589
26.5317,74.6935
22.8383,69.7285
22.8383,69.7285
22.8383,69.7285
29.4,79.3
24.3636,73.72
25.8419,74.741
25.8419,74.741
29.4,79.3
26.5317,74.6935
24.9491,74.1317
24.9645,74.6589
22.8383,69.7285
22.8383,69.7285
26.5317,74.6935
24.5998,73.8199
25.0003,74.1449
25.0003,74.1449
26.5317,74.6935
24.5998,73.8199
22.8383,69.7285
22.8383,69.7285
24.9623,74.1201
26.5317,74.6935
29.4,79.3
24.5998,73.8199
24.5998,73.8199
25.0003,74.1449
24.9645,74.6589
25.0003,74.1449
29.4,79.3
25.0003,74.1449
24.5998,73.8199
26.5317,74.6935
25.8419,74.741
22.8383,69.7285
26.5317,74.6935
26.5317,74.6935
24.9623,74.1201
25.8419,74.741
24.5998,73.8199
22.8383,69.7285
26.5317,74.6935
22.8383,69.7285
22.8383,69.7285
21.7171,72.5889
24.9645,74.6589
24.9623,74.1201
24.9623,74.1201
25.8419,74.741
22.8383,69.7285
22.8383,69.7285
22.8383,69.7285
24.9645,74.6589
25.0003,74.1449
24.9645,74.6589
24.9645,74.6589
22.8383,69.7285
22.8383,69.7285
22.8383,69.7285
22.8383,69.7285
24.9491,74.1317
24.9645,74.6589
22.8383,69.7285
22.8383,69.7285
22.8383,69.7285
25.8419,74.741
24.9623,74.1201
22.8383,69.7285
22.8383,69.7285
22.8383,69.7285
22.8383,69.7285
22.8383,69.7285
25.8419,74.741
24.9645,74.6589
24.9623,74.1201
24.9623,74.1201
25.8419,74.741
24.9645,74.6589
24.9645,74.6589
26.5317,74.6935
24.9645,74.6589
25.0003,74.1449
22.8383,69.7285
24.9645,74.6589
24.9491,74.1317
26.5317,74.6935
24.9645,74.6589
24.9491,74.1317
22.8383,69.7285
25.8419,74.741
24.9645,74.6589
26.5317,74.6935
24.9645,74.6589
24.9645,74.6589
24.9645,74.6589
24.9623,74.1201
25.0003,74.1449
24.9491,74.1317
21.7171,72.5889
25.8419,74.741
24.9645,74.6589
25.8419,74.741
25.8419,74.741
24.9645,74.6589
24.9645,74.6589
24.9491,74.1317
21.7171,72.5889
24.9645,74.6589
24.9491,74.1317
25.8419,74.741
24.9645,74.6589
24.9645,74.6589
24.9623,74.1201
24.5998,73.8199
24.9623,74.1201
24.9623,74.1201
21.7171,72.5889
21.7171,72.5889
21.7171,72.5889
24.9623,74.1201
25.8419,74.741
24.9623,74.1201
24.9623,74.1201
24.9491,74.1317
21.7171,72.5889
21.7171,72.5889
24.5998,73.8199
29.4,79.3
25.0003,74.1449
24.9645,74.6589
25.8419,74.741
24.9645,74.6589
25.8419,74.741
